page_url,fqdn,city_slug,pref
https://www.city.chiba.jp/business/shigoto/noringyo/index.html,www.city.chiba.jp,chiba,千葉県
https://www.city.chiba.jp/business/shigoto/noringyo/shisaku/kihonkekaku/index.html,www.city.chiba.jp,chiba,千葉県
https://www.city.chiba.jp/business/shigoto/noringyo/shisaku/index.html,www.city.chiba.jp,chiba,千葉県
https://www.city.chiba.jp/business/shigoto/noringyo/chisanchisho/index.html,www.city.chiba.jp,chiba,千葉県
https://www.city.chiba.jp/keizainosei/nosei/nosei/kankonoen-annai.html,www.city.chiba.jp,chiba,千葉県
https://www.city.chiba.jp/keizainosei/nosei/nosei/nogyotaiken.html,www.city.chiba.jp,chiba,千葉県
https://www.city.chiba.jp/nogyo/index.html,www.city.chiba.jp,chiba,千葉県
https://www.city.chiba.jp/business/shigoto/noringyo/nochi/index.html,www.city.chiba.jp,chiba,千葉県
https://www.city.chiba.jp/nogyo/houjinsien.html,www.city.chiba.jp,chiba,千葉県
https://www.city.chiba.jp/keizainosei/nosei/center/keieishien/nogyoukyuujin.html,www.city.chiba.jp,chiba,千葉県
https://www.city.chiba.jp/keizainosei/nosei/nosei/nougyoukankyouseibi.html,www.city.chiba.jp,chiba,千葉県
https://www.city.chiba.jp/business/shigoto/noringyo/shuno/index.html,www.city.chiba.jp,chiba,千葉県
https://www.city.chiba.jp/business/shigoto/noringyo/nose/index.html,www.city.chiba.jp,chiba,千葉県
https://www.city.chiba.jp/business/shigoto/noringyo/tochikairyo/index.html,www.city.chiba.jp,chiba,千葉県
https://www.city.chiba.jp/business/shigoto/noringyo/toshinogyo/index.html,www.city.chiba.jp,chiba,千葉県
https://www.city.chiba.jp/business/shigoto/noringyo/shien/index.html,www.city.chiba.jp,chiba,千葉県
https://www.city.chiba.jp/business/shigoto/noringyo/jokyo/index.html,www.city.chiba.jp,chiba,千葉県
https://www.city.chiba.jp/business/shigoto/noringyo/noyaku/index.html,www.city.chiba.jp,chiba,千葉県
https://www.city.chiba.jp/business/shigoto/noringyo/haisui/index.html,www.city.chiba.jp,chiba,千葉県
https://www.city.chiba.jp/business/shigoto/noringyo/sonota.html,www.city.chiba.jp,chiba,千葉県
https://www.city.chiba.jp/keizainosei/nosei/nosei/toshi-nouson/green-village-event-news.html,www.city.chiba.jp,chiba,千葉県
https://www.city.chiba.jp/keizainosei/nosei/nosei/chibashiagribusiness.html,www.city.chiba.jp,chiba,千葉県
https://www.city.chiba.jp/keizainosei/nosei/nochikatsuyo/nougyouseisanryokukyoukasienjigyougroupsannyuu.html,www.city.chiba.jp,chiba,千葉県
https://www.city.chiba.jp/nogyo/iinkaisen.html,www.city.chiba.jp,chiba,千葉県
https://www.city.chiba.jp/keizainosei/nosei/nosei/r8rokuzisangyousien.html,www.city.chiba.jp,chiba,千葉県
https://www.city.chiba.jp/business/shigoto/noringyo/index.html,www.city.chiba.jp,chuo-chiba,千葉県
https://www.city.chiba.jp/business/shigoto/noringyo/shisaku/kihonkekaku/index.html,www.city.chiba.jp,chuo-chiba,千葉県
https://www.city.chiba.jp/business/shigoto/noringyo/shisaku/index.html,www.city.chiba.jp,chuo-chiba,千葉県
https://www.city.chiba.jp/business/shigoto/noringyo/chisanchisho/index.html,www.city.chiba.jp,chuo-chiba,千葉県
https://www.city.chiba.jp/keizainosei/nosei/nosei/kankonoen-annai.html,www.city.chiba.jp,chuo-chiba,千葉県
https://www.city.chiba.jp/keizainosei/nosei/nosei/nogyotaiken.html,www.city.chiba.jp,chuo-chiba,千葉県
https://www.city.chiba.jp/nogyo/index.html,www.city.chiba.jp,chuo-chiba,千葉県
https://www.city.chiba.jp/business/shigoto/noringyo/nochi/index.html,www.city.chiba.jp,chuo-chiba,千葉県
https://www.city.chiba.jp/nogyo/houjinsien.html,www.city.chiba.jp,chuo-chiba,千葉県
https://www.city.chiba.jp/keizainosei/nosei/center/keieishien/nogyoukyuujin.html,www.city.chiba.jp,chuo-chiba,千葉県
https://www.city.chiba.jp/keizainosei/nosei/nosei/nougyoukankyouseibi.html,www.city.chiba.jp,chuo-chiba,千葉県
https://www.city.chiba.jp/business/shigoto/noringyo/shuno/index.html,www.city.chiba.jp,chuo-chiba,千葉県
https://www.city.chiba.jp/business/shigoto/noringyo/nose/index.html,www.city.chiba.jp,chuo-chiba,千葉県
https://www.city.chiba.jp/business/shigoto/noringyo/tochikairyo/index.html,www.city.chiba.jp,chuo-chiba,千葉県
https://www.city.chiba.jp/business/shigoto/noringyo/toshinogyo/index.html,www.city.chiba.jp,chuo-chiba,千葉県
https://www.city.chiba.jp/business/shigoto/noringyo/shien/index.html,www.city.chiba.jp,chuo-chiba,千葉県
https://www.city.chiba.jp/business/shigoto/noringyo/jokyo/index.html,www.city.chiba.jp,chuo-chiba,千葉県
https://www.city.chiba.jp/business/shigoto/noringyo/noyaku/index.html,www.city.chiba.jp,chuo-chiba,千葉県
https://www.city.chiba.jp/business/shigoto/noringyo/haisui/index.html,www.city.chiba.jp,chuo-chiba,千葉県
https://www.city.chiba.jp/business/shigoto/noringyo/sonota.html,www.city.chiba.jp,chuo-chiba,千葉県
https://www.city.chiba.jp/keizainosei/nosei/nosei/toshi-nouson/green-village-event-news.html,www.city.chiba.jp,chuo-chiba,千葉県
https://www.city.chiba.jp/keizainosei/nosei/nosei/chibashiagribusiness.html,www.city.chiba.jp,chuo-chiba,千葉県
https://www.city.chiba.jp/keizainosei/nosei/nochikatsuyo/nougyouseisanryokukyoukasienjigyougroupsannyuu.html,www.city.chiba.jp,chuo-chiba,千葉県
https://www.city.chiba.jp/nogyo/iinkaisen.html,www.city.chiba.jp,chuo-chiba,千葉県
https://www.city.chiba.jp/keizainosei/nosei/nosei/r8rokuzisangyousien.html,www.city.chiba.jp,chuo-chiba,千葉県
